XML;1.0.0;;;;;;;;;;;;;;;;;;;;;;;;;;;;;;;;;;;;;;;;;;;;;;;;;;;;;;;;;;;;;;;;;;;;;;;;;;;;;;;;;;;;;;;;;;;;;;;;;;;;;;;;;;;;;;;;;;;;;;;;;;;;;;;;;;;;;;;;;;;;;;;;;;
PROJECT_NAME;LA_TRANSFIGURACION;;;;;;;;;;;;;;;;;;;;;;;;;;;;;;;;;;;;;;;;;;;;;;;;;;;;;;;;;;;;;;;;;;;;;;;;;;;;;;;;;;;;;;;;;;;;;;;;;;;;;;;;;;;;;;;;;;;;;;;;;;;;;;;;;;;;;;;;;;;;;;;;;;
AUTHOR;DMP;;;;;;;;;;;;;;;;;;;;;;;;;;;;;;;;;;;;;;;;;;;;;;;;;;;;;;;;;;;;;;;;;;;;;;;;;;;;;;;;;;;;;;;;;;;;;;;;;;;;;;;;;;;;;;;;;;;;;;;;;;;;;;;;;;;;;;;;;;;;;;;;;;
DATE;26/06/20;;;;;;;;;;;;;;;;;;;;;;;;;;;;;;;;;;;;;;;;;;;;;;;;;;;;;;;;;;;;;;;;;;;;;;;;;;;;;;;;;;;;;;;;;;;;;;;;;;;;;;;;;;;;;;;;;;;;;;;;;;;;;;;;;;;;;;;;;;;;;;;;;;
DEVICE;DUETTO_1;;;;;;;;;;;;;;;;;;;;;;;;;;;;;;;;;;;;;;;;;;;;;;;;;;;;;;;;;;;;;;;;;;;;;;;;;;;;;;;;;;;;;;;;;;;;;;;;;;;;;;;;;;;;;;;;;;;;;;;;;;;;;;;;;;;;;;;;;;;;;;;;;;
TUBE;CU;;;;;;;;;;;;;;;;;;;;;;;;;;;;;;;;;;;;;;;;;;;;;;;;;;;;;;;;;;;;;;;;;;;;;;;;;;;;;;;;;;;;;;;;;;;;;;;;;;;;;;;;;;;;;;;;;;;;;;;;;;;;;;;;;;;;;;;;;;;;;;;;;;
WIDTH_CM;63,3;;;;;;;;;;;;;;;;;;;;;;;;;;;;;;;;;;;;;;;;;;;;;;;;;;;;;;;;;;;;;;;;;;;;;;;;;;;;;;;;;;;;;;;;;;;;;;;;;;;;;;;;;;;;;;;;;;;;;;;;;;;;;;;;;;;;;;;;;;;;;;;;;;
HEIGHT_CM;93,2;;;;;;;;;;;;;;;;;;;;;;;;;;;;;;;;;;;;;;;;;;;;;;;;;;;;;;;;;;;;;;;;;;;;;;;;;;;;;;;;;;;;;;;;;;;;;;;;;;;;;;;;;;;;;;;;;;;;;;;;;;;;;;;;;;;;;;;;;;;;;;;;;;
WIDTH_PIXEL;3020;;;;;;;;;;;;;;;;;;;;;;;;;;;;;;;;;;;;;;;;;;;;;;;;;;;;;;;;;;;;;;;;;;;;;;;;;;;;;;;;;;;;;;;;;;;;;;;;;;;;;;;;;;;;;;;;;;;;;;;;;;;;;;;;;;;;;;;;;;;;;;;;;;
HEIGHT_PIXEL;4456;;;;;;;;;;;;;;;;;;;;;;;;;;;;;;;;;;;;;;;;;;;;;;;;;;;;;;;;;;;;;;;;;;;;;;;;;;;;;;;;;;;;;;;;;;;;;;;;;;;;;;;;;;;;;;;;;;;;;;;;;;;;;;;;;;;;;;;;;;;;;;;;;;
CS_ORIGIN;TOP_LEFT;;;;;;;;;;;;;;;;;;;;;;;;;;;;;;;;;;;;;;;;;;;;;;;;;;;;;;;;;;;;;;;;;;;;;;;;;;;;;;;;;;;;;;;;;;;;;;;;;;;;;;;;;;;;;;;;;;;;;;;;;;;;;;;;;;;;;;;;;;;;;;;;;;
POSITION;-;1;2;3;4;5;6;7;8;9;10;11;12;13;14;15;16;17;18;19;20;21;22;23;24;25;26;27;28;29;30;31;32;33;34;35;36;37;38;39;40;41;42;43;44;45;46;47;48;49;50;51;52;53;54;55;56;57;58;59;60;61;62;63;64;65;66;67;68;69;70;71;72;73;74;75;76;77;78;79;80;81;82;83;84;85;86;87;88;89;90;91;92;93;94;95;96;97;98;99;100;101;102;103;104;105;106;107;108;109;110;111;112;113;114;115;116;117;118;119;120;121;122;123;124;125;126;127;128;129;130;131;132;133;134;135;136;137;138;139;140;141;142;143;144;145;146
X;-;0.02251656;0.06026490;0.09105960;0.12052980;0.16357616;0.20430464;0.22682119;0.25761589;0.28973510;0.31225166;0.33178808;0.30662252;0.48576159;0.50529801;0.47450331;0.48576159;0.49536424;0.51092715;0.52748344;0.54139073;0.68708609;0.02649007;0.03774834;0.04768212;0.06291391;0.08543046;0.08112583;0.50794702;0.55695364;0.02649007;0.16225166;0.12880795;0.23377483;0.33443709;0.49536424;0.49668874;0.64801325;0.65629139;0.66622517;0.68013245;0.69701987;0.71092715;0.96158940;0.28543046;0.54867550;0.52615894;0.54867550;0.57086093;0.59635762;0.61291391;0.63973510;0.63543046;0.79072848;0.78940397;0.78807947;0.78940397;0.79337748;0.83410596;0.89006623;0.91953642;0.95596026;0.80033113;0.80761589;0.81589404;0.89437086;0.39304636;0.39602649;0.40430464;0.41026490;0.50662252;0.52615894;0.53046358;0.54139073;0.55000000;0.55430464;0.54735099;0.54867550;0.55562914;0.56821192;0.57649007;0.42682119;0.41721854;0.40596026;0.38774834;0.37947020;0.46589404;0.48013245;0.49105960;0.49536424;0.49403974;0.48841060;0.48973510;0.48145695;0.61291391;0.61721854;0.61589404;0.66324503;0.90562914;0.88443709;0.86887417;0.87748344;0.86622517;0.47152318;0.08973510;0.07152318;0.05331126;0.04337748;0.14536424;0.08807947;0.25198675;0.25066225;0.24900662;0.27417219;0.30662252;0.31357616;0.14966887;0.14701987;0.17086093;0.17913907;0.10231788;0.16788079;0.18907285;0.21688742;0.25463576;0.29536424;0.33576159;0.19602649;0.23112583;0.23940397;0.36390728;0.02649007;0.05463576;0.09105960;0.43377483;0.82284768;0.97119205;0.95596026;0.62019868;0.77119205;0.77947020;0.77251656;0.76688742;0.98245033;0.84105960;0.11622517;0.04470199
Y;-;0.02737882;0.05318671;0.06732496;0.08325853;0.09964093;0.11938959;0.12881508;0.13936266;0.13464991;0.12230700;0.12881508;0.15731598;0.09672352;0.10614901;0.13846499;0.14878815;0.15641831;0.16876122;0.18379713;0.19614004;0.15641831;0.21050269;0.22172352;0.23316876;0.24461400;0.25875224;0.27289048;0.31754937;0.30610413;0.32989228;0.39901257;0.44367145;0.32877020;0.38868941;0.38958707;0.40282765;0.43873429;0.45107720;0.46342011;0.48518851;0.50246858;0.51660682;0.38487433;0.49483842;0.51750449;0.56597846;0.58191203;0.59066427;0.56485637;0.57428187;0.58482944;0.62275583;0.58011670;0.59537702;0.60951526;0.62567325;0.64272890;0.57719928;0.61243268;0.60861759;0.58864452;0.66449731;0.68065530;0.69860862;0.69771095;0.60008977;0.61243268;0.62567325;0.64183124;0.62073609;0.64744165;0.65686715;0.67594255;0.68536804;0.69950628;0.61422801;0.62477558;0.63891382;0.65305206;0.66921005;0.69008079;0.69569120;0.70713645;0.71835727;0.72980251;0.72239677;0.73945242;0.75538600;0.77917415;0.82944345;0.84178636;0.85682226;0.87679533;0.77625673;0.80767504;0.84178636;0.80004488;0.73743268;0.79533214;0.82832136;0.84178636;0.86624776;0.89003591;0.58572711;0.59717235;0.62073609;0.63599641;0.63038600;0.68424596;0.59537702;0.60480251;0.61804309;0.64362657;0.64654399;0.67863555;0.76301616;0.80004488;0.80004488;0.81328546;0.83976661;0.84358169;0.85300718;0.85973968;0.86736984;0.86916517;0.87769300;0.90529623;0.90237882;0.94501795;0.74506284;0.88442549;0.90237882;0.94030521;0.94793537;0.91853680;0.93738779;0.95444345;0.97351885;0.83415619;0.76862657;0.74416517;0.72307002;0.65596948;0.45982944;0.60188510;0.77625673
XRF;Ag;65;245;191;222;229;301;314;319;449;806;412;558;539;339;666;757;673;465;502;384;424;278;280;203;168;126;155;427;666;143;231;210;390;395;388;238;195;230;188;146;167;177;133;140;338;295;306;441;172;218;214;238;473;620;591;602;512;536;443;139;367;370;591;595;223;277;399;421;316;220;226;255;273;182;178;276;277;245;285;279;145;129;98;191;227;166;224;212;302;358;287;305;271;531;650;776;176;145;233;352;543;544;250;328;363;228;227;206;192;633;548;547;603;134;366;628;260;101;146;428;92;246;242;190;318;247;289;377;71;136;244;102;129;112;113;171;182;197;200;279;487;575;93;368;0;279
XRF;Al;33794,71;39454,59;25503,29;23162,43;45155,95;22449,41;25340,87;28557,28;14901,79;0;6707,25;0;0;16354,67;0;0;0;7432,27;10529,26;14912,13;0;28180,6;24512,14;22857,77;23695,57;18247,27;25666,19;0;0;24263,29;24961,54;7149,5;18100,17;8966,36;32765,57;26839,6;11083,86;10614,64;0;7114,1;0;8226,75;21465,01;8629,03;0;0;0;0;24582,13;18831,69;19763,92;33863,47;0;0;0;0;0;0;0;16242,94;10629,43;0;0;0;9804,48;0;0;7929,38;9485,37;8628,95;16428,24;9921,61;22890,89;19207,6;22951,47;0;0;0;0;0;11109,03;19234,33;0;0;6635,83;10351,04;9294,78;9820,88;26661,32;12387,48;11953,41;15048,75;15866,59;0;0;0;38207,39;0;8047,42;0;0;0;17405,08;15576,53;24504,57;43582,02;43156,67;64532,15;10630,05;0;0;0;0;57592,79;0;0;11434,36;44924,79;58519,15;0;27528,06;9362,27;11323,21;0;0;8454,61;0;0;23450,71;10258,1;23319,35;25455,12;28717,28;22413,01;12320,73;18459,16;10590,8;14388,7;19822,98;14319,36;0;0;44807,3;10147,53;140744,05;0
XRF;As;13699;26935;19952;36571;50916;65629;65570;71506;84846;119058;87994;96197;99294;92099;116444;116780;111944;97992;94251;85575;64101;32348;29262;20220;19808;31677;20354;114499;111916;13578;59471;44520;75701;81886;77518;80270;46904;52517;23370;14821;21203;20082;13729;13624;35858;75096;74620;80129;53908;55667;58217;58725;107842;112910;112751;116533;98952;97812;87623;13391;42167;99959;117003;108192;53516;66364;64868;64570;58423;75734;62477;64547;63881;53370;52990;65165;67447;64883;59365;61758;31952;31858;35309;45937;48737;50476;58271;56638;70031;68935;61911;60672;54290;99154;96054;116518;57088;54555;53867;65122;98300;70394;51208;57790;50508;28797;24773;55352;34196;102260;100155;97535;96367;44937;79683;110181;80387;49570;39947;87877;33397;51793;56174;43278;68034;49294;43116;76849;12830;35489;25805;12229;14540;18107;43908;24832;32358;27676;40329;62264;87439;100978;10123;60797;478;34589
XRF;Ba;1275;8194;6213;6860;8849;8361;9056;8974;13326;19999;11542;15525;14978;7919;14157;18536;15235;12834;12747;12098;13205;11706;12700;7938;5916;4424;6192;9700;16183;5567;7128;8552;11119;11626;9356;6577;5785;6808;5981;5101;5483;6139;4042;5207;9811;9230;9153;9933;4990;6436;6477;7263;18033;22299;20622;16551;13307;16395;12559;5721;9136;8513;12201;15485;6986;7716;10065;9738;8792;6831;6542;7463;7955;5795;5277;8801;8608;8465;8928;8381;5357;4867;3982;6146;7377;6137;5957;5689;7336;10539;8466;7883;8200;13462;14376;17175;6820;4817;6983;10944;13789;16174;7460;11716;12289;8080;6822;7132;5898;14812;14592;14093;16135;5937;11842;16389;6083;3523;4996;13919;4700;8095;8024;5346;8969;6522;11507;11520;2298;5396;5960;3057;3990;3437;4882;6430;5828;6784;9300;8071;11672;13263;2611;13980;0;11704
XRF;Bi;1614,38;1136,15;1724,81;1156,88;1609,63;970,01;0;876,57;1070,69;1021,26;1257,47;1626,22;1251,04;1272,12;1782,63;1258,65;1466,51;1584,01;1491,71;1670,33;1335,39;982,39;1177,47;1551,86;1542,94;1378,63;1514,32;1124,22;1413,39;1824,74;1824,41;1792,99;1670,03;1633,88;1638,86;1268,38;1513,1;1664,28;1954,66;1693,44;2074;1783,83;0;2493,53;1550,67;1267,17;1452;1804,77;1592,33;1409,89;2006,27;1731,83;1023,98;980,45;0;1035,72;0;1320,91;1209,74;1376,39;0;1178,41;0;963,89;1471,96;1047,3;1628,38;1296,43;0;1406,64;3280,69;3362,33;3276,21;2867,23;4119,88;1316,53;1791,13;2633,27;1934,79;1584,07;1884,99;1649,85;2729,87;1530,81;1425,37;5073,54;5038,66;5357,65;2656,53;1404,1;1602,44;1855,27;1615,6;1505,05;972,73;1543,02;1631,93;2411,79;1573,55;2511,78;1512,4;1888,01;1661,13;3672,28;3249,06;3094,54;3909,79;3759,47;1933,04;1818,55;1809,73;1808,43;1776,2;2062,39;1715,83;2287,78;2828,22;7001,37;8657,04;3115,56;1802,46;1792,76;1389,67;2100,97;1642,25;1454,55;1870,92;2124,61;0;1368,93;2107,72;1986,29;1940,52;1664,9;2160,88;1950,52;1574,77;1746,86;1535,71;2020,84;2077,49;1979,08;0;1821,61;0;1964,44
XRF;Ca;9101;12123;4572;4811;9669;9311;4519;3728;7782;8964;7977;29021;22873;21380;1358;2631;2705;6540;7465;12474;10183;19732;26788;27456;18671;25326;28618;12961;17107;13378;36498;51317;15476;20156;14147;10762;43649;39445;22134;37387;16049;12295;13155;17714;16591;9667;11645;12013;46399;42045;50058;45405;18938;13870;16328;15175;16836;29164;24447;40332;2767;9671;7058;9934;54985;70014;42979;26064;71837;30607;39992;34716;38275;32926;36513;61812;57379;40125;61503;50056;53023;41161;28923;73144;75866;18047;13495;13042;15770;29804;28132;26412;39956;0;0;0;11564;42103;70462;31124;24770;15719;27420;9407;8211;6935;7430;15695;29627;0;0;0;0;16913;7207;2333;10068;23931;23128;4334;53726;59164;60608;47214;29466;87066;25157;8869;22685;78088;34747;21980;28842;56043;20506;15028;29626;39753;73297;9172;3586;0;16455;4021;16795;6715
XRF;Cd;161;504;456;469;516;687;858;741;1048;1954;1014;1113;1075;754;1446;1656;1354;1122;1042;885;1102;689;709;486;370;231;378;980;1715;321;540;455;862;932;943;576;433;457;424;336;351;426;286;314;730;680;619;1032;340;426;431;482;1119;1443;1377;1487;1224;1267;970;295;787;830;1382;1402;454;656;870;839;781;536;453;544;633;444;389;611;649;621;624;595;277;269;263;394;506;344;490;515;651;804;674;685;571;1274;1546;1563;433;338;518;768;1216;1246;581;802;921;569;545;486;448;1256;1235;1097;1362;310;849;1364;581;195;316;972;203;467;552;443;732;522;660;878;136;331;464;219;289;203;257;400;396;427;430;622;1107;1151;208;986;0;1674
XRF;Co;0;0;462;960;1707;639;875;0;0;0;0;0;0;0;0;0;0;779;0;914;505;0;0;0;0;0;0;0;0;0;0;0;0;0;800;0;0;0;0;0;0;0;233;0;0;0;0;0;0;0;0;0;0;0;0;0;0;0;0;0;0;0;0;0;0;0;0;0;0;0;10336;6771;6152;6505;10069;0;0;1373;0;2337;0;507;1631;0;0;10576;11312;11895;9714;0;0;0;0;0;0;0;935;0;0;0;0;0;0;7939;7248;3462;4482;10609;0;0;0;0;0;846;736;3704;12593;22509;20055;3664;0;0;0;0;0;0;0;0;0;0;0;0;0;0;0;431;0;0;0;925;623;0;0;0;559;0
XRF;Cr;0;225;0;46;84;57;0;0;0;0;0;0;0;28;0;0;0;0;0;0;0;0;0;0;0;0;0;0;0;0;0;0;0;0;0;0;0;0;0;0;0;0;0;0;0;0;0;0;0;0;0;0;32;0;0;0;0;0;0;968;0;0;0;31;0;0;0;0;0;0;0;0;0;0;0;0;0;0;0;0;0;0;1487;44;0;0;0;0;78;0;0;0;0;0;53;0;0;0;195;0;0;0;0;0;0;0;0;0;0;0;0;0;0;0;0;0;0;144;333;0;0;0;0;0;0;0;0;0;0;0;0;0;0;0;71;0;0;0;0;0;44;0;0;0;339;305
XRF;Cs;254;833;671;584;598;822;919;893;1202;2102;1128;1463;1330;880;1725;1973;1748;1300;1271;1055;1349;1092;1082;787;619;272;569;1130;1814;540;641;522;1046;1119;1045;667;478;551;663;579;624;662;446;491;1175;776;859;1113;399;544;554;569;1354;1714;1730;1657;1371;1454;1143;476;1297;1044;1537;1643;586;744;1070;1136;880;590;547;666;705;463;453;740;719;698;749;735;356;308;268;504;603;415;604;551;772;957;806;758;667;1482;1851;1942;461;430;614;945;1392;1672;658;1109;1367;875;755;510;559;1592;1563;1465;1703;337;946;1661;638;215;361;1136;244;626;654;481;869;695;884;1009;187;375;842;367;479;289;352;655;642;766;547;678;1238;1454;319;1199;0;1000
XRF;Cu;6622;2023;216;0;0;0;0;0;0;0;0;0;0;0;0;0;0;0;0;325;0;0;0;0;0;0;0;0;0;102;0;0;0;0;0;0;0;0;0;0;0;0;70;82;0;0;0;0;426;381;350;489;0;0;0;0;0;0;0;0;902;0;0;0;0;0;0;0;0;0;853;735;535;575;809;244;327;277;0;215;0;140;234;0;192;588;636;554;553;469;254;0;261;0;0;0;760;0;0;0;0;0;220;371;393;177;224;445;0;0;0;474;0;725;407;0;762;1010;1029;0;313;0;224;262;0;0;0;0;63;160;228;146;141;173;0;0;0;0;0;240;0;0;327;0;48;0
XRF;Fe;23883;16507;15308;17872;18362;15326;14580;12335;7164;4283;6585;5640;8236;6718;1707;2290;3790;7606;8592;11585;2996;48343;91065;143624;139510;60954;104093;2421;3396;190485;40405;100948;9620;17959;18510;15359;58899;65790;123157;124467;100473;117797;36965;117997;46069;29582;31343;35544;69540;60712;67176;77789;3849;2642;2225;2217;3853;6329;16704;114342;7316;2119;2013;1685;48856;33233;37291;42154;54212;13978;13034;7587;14941;11839;16945;9150;15015;42881;25472;59444;117285;133773;79625;60634;44884;16997;11808;19736;21638;77464;94639;121878;89429;7002;9610;5954;11485;57669;79315;25680;6408;3509;110330;9363;11736;18714;22665;18848;43750;2097;2402;2046;2346;16855;3490;2912;4859;22383;25646;2911;144299;22687;34091;64590;15368;55510;27584;4895;63726;74669;131466;75201;138542;122031;58368;122880;81630;41662;129913;6035;14489;5200;25879;9934;180402;9204
XRF;Hg;636;210;0;0;0;301;0;0;0;0;0;412;1377;6447;0;380;0;0;0;258;1199;0;0;0;0;0;0;471;2075;0;0;230;377;541;0;0;0;0;0;0;0;0;0;0;231;0;0;0;1197;386;406;496;0;0;0;0;0;5010;0;0;0;0;0;0;0;0;0;0;0;5823;4350;3600;4612;723;1644;436;329;865;1362;1077;959;345;444;270;271;462;390;0;0;0;0;0;0;0;0;0;0;0;0;0;0;0;0;303;0;311;193;334;145;0;0;0;0;0;0;0;0;0;0;0;3140;214;1333;2966;0;4401;0;0;63;463;373;287;510;1008;0;0;0;0;0;0;444;0;474;0;0;26666
XRF;K;5887;7600;9837;11201;12189;11552;10296;9315;7091;4454;6269;3252;3265;2685;2053;2220;2482;3549;3821;4534;2405;14222;12639;14032;11147;5660;15373;2407;2467;11458;12851;14847;7312;6178;11152;11314;12093;11205;12925;17132;10997;9423;9598;16620;3994;2960;2221;3065;3429;4848;4645;5918;2554;2233;2402;2460;2270;2803;4543;21307;4349;1803;1835;1916;9837;8024;9955;12145;7679;3593;10388;6930;7378;10286;12000;10699;10199;9005;11300;11208;18366;14421;5325;15995;17006;12211;9444;15074;13679;5170;5423;5697;5061;3849;4272;3485;6855;7548;12485;2908;2538;2647;5103;9517;11589;13231;16413;13993;3514;2211;2384;2353;2685;5674;3289;3951;5858;20291;20946;4413;6055;9643;8929;7342;9363;5994;4766;1979;3537;20528;4565;1362;3186;3240;4190;9930;4675;5966;18182;5575;3480;2776;7737;6963;5675;9136
XRF;Mg;0;0;0;5,38;0;5,05;4,85;0;5,12;4,58;0;0;5,86;6,53;5,09;0;0;0;5,23;0;0;0;0;0;5,54;0;0;0;0;0;0;0;0;0;0;0;0;0;0;0;0;0;0;0;5,04;0;5,62;0;0;0;0;0;0;0;0;0;0;0;0;0;0;0;0;0;0;0;5,9;0;0;0;5,91;5,92;5,64;6,09;6,16;5,45;5,91;6,13;0;0;0;6,53;6,67;5,83;6,28;6,6;0;0;0;0;0;0;0;0;0;0;0;0;0;0;0;0;0;0;0;0;0;0;0;0;0;0;0;6,51;0;0;4,93;0;0;0;0;0;6,09;5,96;0;0;6,18;0;0;0;0;5,89;6,26;6,84;0;0;0;0;5,57;0;0;4,94;0;0;0;0
XRF;Mn;493;0;0;0;0;0;0;0;0;0;0;0;0;0;0;0;0;0;0;0;0;0;445;0;0;0;0;0;0;255;0;0;0;0;0;0;0;0;0;559;0;0;0;0;0;0;0;0;0;0;0;0;0;0;0;0;0;0;0;569;0;0;0;0;0;0;0;0;0;0;0;0;0;0;0;0;0;0;0;0;0;0;0;0;0;0;0;0;0;0;0;0;0;0;0;0;0;0;0;0;0;0;0;0;0;0;0;0;0;0;0;0;0;0;0;0;0;0;690;0;630;0;0;0;0;0;0;0;153;0;0;0;255;0;1353;0;0;0;0;0;0;0;973;0;987;405
XRF;Ni;0;0;0;0;0;0;0;0;0;0;0;0;0;0;0;0;0;0;0;0;0;0;0;0;0;0;0;0;0;0;0;0;0;0;0;0;0;0;0;0;0;0;0;0;0;0;0;0;0;0;0;0;0;0;0;0;0;0;0;0;0;0;0;0;0;0;0;0;0;0;948;667;623;550;875;0;0;0;0;0;0;0;0;0;0;1064;1441;900;0;0;0;0;0;0;0;0;0;0;0;0;0;0;0;774;1152;438;577;1009;0;0;0;0;0;0;0;0;1290;2328;2251;0;0;0;0;0;0;0;0;0;0;0;0;0;0;0;0;0;0;0;0;0;0;0;0;0;0;0
XRF;P;3295,02;5811,87;1191,1;935,27;1482,59;1039,68;1797,15;2643,07;3900,56;2228,73;1981,95;8045,18;7034,33;18559,1;4137,88;3711,77;6379,51;8434,24;11915,92;16931,61;5263,19;2776,14;4849,75;6213,82;6063,62;5597,52;7884,55;4806,48;4750,99;12008,03;1513,48;2413,15;4782,64;16386,86;2954,23;3011,19;2828,02;2746,3;5705,33;10173,85;13610,47;13748,52;1854,13;9818,59;13932,89;2552,9;3142,77;3487,46;4979,16;4953,99;5048,35;6983,48;6810,35;2518,06;2312,86;2579,64;4139,78;7975,85;2686,35;10620,5;1006,76;3188,89;1778,28;2987,21;3636,2;2999,81;1733,97;2654,12;3710,06;9991,47;0;1197,4;0;0;2064,44;2109,56;1324,48;6137,78;2592,73;3456,86;8559,5;19856,69;36776,66;4998,45;1051,05;0;1000,41;0;971;17774,39;13192,09;20967,43;17295,85;1671,74;1379,42;2849,86;2804,39;1305,45;2965,68;5803,1;2775,5;4274,5;29400,94;2292,64;1912,6;1381,75;3977,67;1406,68;18777,09;4092,6;4201,93;4594,48;4151,39;9672,57;3956,76;3427,2;2241,83;0;2584,97;3097,03;28127,99;2281,04;2226,01;2416,88;1870,75;5050,23;3037,06;5878,37;28463,82;3513,68;19367,34;14707,72;25971,42;11504,2;14106,33;15185,79;12522,62;7016;5386,16;3971;4504,5;3589,69;5096,97;1096,76;0;0
XRF;Pb;242;719;584;527;558;771;863;821;1074;1903;1016;1321;1232;826;1611;1797;1598;1184;1168;987;1214;933;900;670;537;276;508;1025;1675;478;605;497;978;1047;936;619;465;533;568;509;551;586;390;465;1005;743;842;1011;393;525;545;547;1248;1572;1622;1508;1314;1358;1050;431;1094;955;1411;1517;547;665;990;1059;799;561;544;636;660;435;421;683;676;646;695;693;358;299;264;482;573;390;574;528;734;867;727;729;635;1345;1700;1834;450;410;582;880;1216;1441;597;960;1185;778;649;482;521;1443;1463;1357;1533;327;907;1530;600;222;327;1048;241;586;649;447;801;623;822;946;185;362;729;328;434;288;306;571;548;641;534;621;1136;1356;296;1040;0;845
XRF;Pd;72;226;211;221;246;405;454;361;499;879;414;589;642;340;748;860;728;527;549;475;480;357;329;191;170;117;146;482;791;143;317;210;368;432;487;262;224;231;197;140;153;175;105;116;280;382;318;466;147;232;223;219;576;782;699;724;573;600;408;129;368;458;726;769;242;349;420;374;419;257;216;272;303;193;199;359;250;260;298;297;134;134;130;223;259;143;257;232;369;428;308;325;254;658;780;882;215;159;231;385;508;665;273;315;476;233;213;185;189;629;751;631;718;138;459;728;315;130;157;453;99;227;313;200;297;241;255;427;59;140;238;107;119;82;135;195;180;198;196;302;537;587;97;423;0;271
XRF;S;131188;105699;103155;84909;93014;116647;119206;138790;193887;222450;186583;220639;219680;172478;219603;264437;236973;195537;200471;191990;231788;69292;60369;55560;39907;13139;45915;221008;231499;40074;76701;41644;171765;154680;111566;113878;48500;40962;28678;19634;21473;29370;61045;30437;102491;123721;90816;139334;33734;44188;57538;52958;165455;199560;208649;201915;191474;185551;149964;24798;140543;135304;171441;174443;72483;128932;144475;136282;126386;144569;62502;84020;85912;66116;62502;108719;110695;90254;99840;81212;29897;30432;10291;51235;66462;46982;84976;37661;40139;100313;83409;74067;89278;193054;198982;233318;57089;64417;76475;150483;192310;215568;78110;105660;95118;68678;46578;52638;91675;200961;206937;218746;226324;69060;158767;208330;135452;31334;28673;192042;46404;117393;114625;86147;126064;67522;121346;197509;70326;51455;52588;2219;33387;40612;12239;55195;65522;74486;41828;171635;198148;165658;37405;114359;10239;133384
XRF;Sb;112397;317401;177898;397207;472882;646544;697411;591811;602814;1068348;617593;734794;740908;641297;892751;848798;904969;686068;647616;548511;423165;379294;311772;244444;228545;325565;170594;944056;845906;160109;412020;413213;534155;582858;628406;622630;404199;469550;220747;177578;189715;186960;94042;121478;287868;608051;599678;667226;421736;409813;412257;442885;917414;1014841;1037103;1027331;786411;783244;773822;162260;349166;812439;1042251;900152;420380;662984;605607;733515;503814;486050;400828;431479;417477;319567;326560;484018;495952;432488;463419;487257;272688;257205;294535;385257;380238;322535;416223;488585;655918;516541;473920;459359;371483;819200;1066715;1003777;352240;438305;438395;450521;781408;542190;354675;411327;435612;197738;184936;367683;206717;786672;732201;670233;708668;253340;523874;885262;618652;373264;312534;581514;216213;367523;390832;293150;633689;424508;296304;466988;67307;305278;247449;124858;119161;118045;324105;237475;347153;267489;381960;376433;641355;832430;89859;488124;11150;202413
XRF;Sc;62;59;78;0;0;0;0;0;0;0;0;0;0;0;0;0;0;0;0;0;0;0;0;211;182;375;0;0;0;0;0;156;0;0;0;0;0;0;229;311;221;176;104;242;0;0;0;0;172;0;0;0;0;0;0;0;0;0;0;417;0;0;0;0;100;0;0;0;0;0;0;0;0;0;0;0;0;0;0;0;286;275;406;110;0;0;0;0;0;0;0;0;0;0;0;0;0;0;119;0;0;0;0;0;0;0;0;0;0;0;0;0;0;0;0;0;0;0;0;0;184;0;0;0;100;0;0;0;0;243;0;699;0;0;350;0;0;0;0;0;0;0;113;0;1209;52
XRF;Se;138;235;194;307;388;605;711;549;712;826;549;888;665;662;819;852;935;823;649;440;424;253;241;0;165;236;178;769;749;120;380;388;463;610;596;710;301;325;189;0;183;154;88;99;261;593;346;573;358;343;403;441;0;865;694;897;644;678;670;99;270;551;765;782;354;519;372;477;336;546;473;360;396;382;336;262;404;399;448;335;213;207;234;332;366;347;406;342;353;543;396;391;329;804;594;833;292;347;389;421;645;497;347;337;258;183;110;325;218;644;712;728;510;273;464;804;363;322;295;549;189;345;357;384;548;280;247;463;80;250;163;90;107;102;319;167;195;153;265;341;608;643;74;351;0;980
XRF;Si;43844,64;55044,27;55907,41;49726,62;102800,11;48165,16;59302,13;78712,22;53150,66;25387,31;24454,56;29065,17;23972,04;43696,8;16947,77;21095,77;23624,83;31451,01;44558,43;51743,47;22318,13;89426,22;93984,17;88498,11;85594,45;67491,58;111654,87;21098,73;20819,24;83636,95;74846,27;36207,88;61941,98;31281,72;100524,59;93080,25;41055,8;42467,95;25412,22;49256,28;41880,8;27418,41;64689,93;57804,66;14025,49;7454,26;8197,53;10409,1;10256,28;10500,06;11946;16931,05;13357,04;7202,21;7881,41;9947,87;11134,2;20118,26;19321,18;63010,46;2929,75;10409,29;6817,09;9819,62;54405,79;28306,74;18786,39;22730,5;19520,89;30849,42;20192,65;29951,98;28196,45;28950,9;44258,39;38601,52;24844,26;52565,43;53946,94;36574,48;60999,51;64985,21;35460,38;54835,54;45928,52;37341,18;33438,06;43360,06;73427,59;28784,14;37728,77;29805,14;32181,41;6460,93;5556,06;8919,58;7549,21;19400,25;69597,37;14604,93;10062,87;18013,66;44649,24;49056,75;81070,03;113591,27;113332,66;155654,31;44836,09;9202,49;11283,81;13076,87;12044,89;13462,26;9201,48;29380,76;39655,12;108952,36;134682,75;36587,3;27315,11;48281,23;42208,55;31791,71;26711,23;14346,58;31865;11581,45;39531,99;88471,21;21725,64;21997,83;24089,64;22512,04;40920,3;59309,06;34338,68;58717;89281,05;39452,88;18458,76;18233,47;19257,49;42119,82;279174,44;18240,43
XRF;Sn;149;444;355;361;410;554;589;565;735;1302;721;954;880;535;1014;1276;1021;772;823;685;799;539;557;398;329;177;320;765;1106;294;394;307;685;698;745;461;315;353;358;302;338;354;251;264;621;508;517;674;263;330;373;364;876;1081;1061;1037;912;936;1482;277;648;690;964;1029;389;7430;13262;21368;7058;374;328;401;453;306;299;467;448;439;472;486;233;206;181;325;396;274;386;346;483;604;525;476;432;4506;16156;6435;314;277;395;598;862;927;416;597;688;483;402;327;334;965;1018;924;1129;222;648;1066;459;164;229;731;258;6190;4635;3284;10754;2774;2450;652;156;267;449;225;277;197;213;341;333;457;324;471;1277;1713;182;709;80;555
XRF;Sr;124;395;143;368;815;1319;368;321;413;421;381;507;484;511;538;295;407;243;439;394;358;279;228;137;176;0;129;382;566;97;340;219;246;311;516;536;236;297;112;116;124;118;90;49;181;297;210;0;260;344;229;344;0;0;641;363;422;451;285;188;208;353;739;369;222;230;325;564;301;529;457;548;478;258;330;236;307;294;383;362;168;229;253;224;220;187;315;176;595;354;240;413;302;514;5385;896;203;217;483;424;514;305;198;451;325;136;268;252;187;420;357;284;315;215;356;485;369;369;409;296;358;222;312;250;666;261;177;291;65;131;193;99;119;109;259;133;197;201;198;216;3518;1175;180;193;6986;3798
XRF;Te;546;1680;1415;1328;1324;1865;2074;1953;2780;4747;2505;3223;2969;1992;3790;4266;3806;2880;2888;2396;2908;2199;2200;1567;1278;614;1189;2345;3942;1174;1454;1162;2301;2473;2259;1459;1082;1258;1414;1262;1339;1408;983;1081;2440;1753;1825;2468;936;1212;1246;1284;3023;3722;3727;3645;3186;3144;2518;1045;2607;2271;3355;3535;1311;1673;2305;2404;1912;1328;1232;1459;1601;1063;1046;1739;1685;1569;1649;1615;762;707;612;1142;1345;938;1331;1195;1713;2121;1763;1734;1463;3333;3820;4330;1048;953;1405;2127;3020;3492;1394;2318;2844;1779;1583;1147;1233;3316;3440;3243;3758;755;2102;3695;1494;502;815;2510;580;1405;1452;1075;1919;1502;1901;2258;455;884;1690;782;1039;670;746;1401;1242;1601;1193;1485;2674;3234;660;2515;0;2074
XRF;Th;0;0;0;0;0;0;0;0;0;0;0;0;0;0;0;0;0;0;0;0;0;0;0;0;0;0;0;0;0;0;0;0;0;0;0;0;0;0;0;0;0;0;0;0;0;0;0;0;0;0;0;0;0;0;0;0;0;0;0;0;0;0;0;0;0;0;0;0;0;0;0;0;0;0;0;0;0;0;0;0;0;0;0;0;0;0;546;0;0;0;0;0;0;0;0;0;0;0;0;0;0;0;0;0;0;0;0;0;0;0;0;0;0;0;0;0;0;1237;1515;0;0;0;0;0;0;0;0;0;0;0;0;0;0;0;0;0;0;0;0;0;0;0;0;0;44;0
XRF;Ti;209;412;289;460;884;709;427;358;207;133;196;201;155;126;67;63;82;125;117;134;140;678;581;532;445;195;706;499;117;412;794;771;355;179;594;639;791;625;643;644;528;508;562;848;183;97;71;125;63;88;171;133;123;121;123;131;175;162;57;616;57;93;54;124;88;540;442;441;660;233;135;189;140;165;171;111;105;101;77;134;167;127;140;181;139;216;134;236;730;399;474;484;628;105;2752;1270;0;0;114;243;196;157;456;204;232;407;819;277;502;70;0;0;50;0;52;80;115;574;936;60;181;798;728;590;907;531;531;78;127;97;146;0;177;169;259;740;438;1055;107;117;4181;765;183;234;45515;8829
XRF;V;0;0;0;0;0;0;0;0;0;0;0;0;0;0;0;0;0;0;0;0;0;0;0;0;33;33;52;0;0;0;34;43;0;0;27;0;43;37;39;56;34;25;36;43;0;0;0;0;0;0;0;0;0;0;0;0;0;0;0;52;0;0;0;0;30;0;0;0;0;0;0;0;0;0;0;23;0;29;0;41;28;0;0;42;34;0;0;0;0;0;0;0;0;0;0;0;0;46;44;0;0;0;0;0;0;0;0;0;0;0;0;0;0;0;0;0;0;0;0;0;0;0;0;0;0;0;0;0;0;35;0;0;0;0;0;0;0;0;66;0;0;0;0;0;0;0
XRF;Zn;0;0;0;0;0;0;0;0;0;0;0;0;0;0;0;0;0;0;0;0;0;0;0;0;0;0;56;0;0;62;0;0;0;0;0;0;0;0;0;0;0;0;36;44;0;0;0;0;0;0;0;0;0;0;0;0;0;0;0;69;0;0;0;0;0;0;0;0;0;0;0;0;0;0;0;0;0;0;0;0;58;88;0;0;0;0;0;0;0;0;0;0;0;0;0;0;0;0;0;0;0;0;0;0;0;0;0;0;0;0;0;0;0;73;0;0;0;0;0;0;118;0;0;0;0;0;0;0;60;0;0;0;0;48;53;0;0;0;0;0;0;0;15;0;179;0
XRF;Zr;352,83;400,8;401,42;420,31;402,74;190,12;237,1;241,83;235,62;0;187,36;233,26;200,12;352,77;0;0;0;168,4;251,94;275,65;206,26;213,01;265,44;285,23;383,47;367,29;477,58;0;173,31;488,07;354,67;471,94;275,62;298,69;187,44;304,5;476,02;416,8;394,21;457,89;341,48;378,21;399;604,22;216,96;221,57;234,39;179,37;345,79;289,13;395,11;401,51;216,13;0;0;0;181,19;194,09;0;521,75;0;0;0;0;476,75;305,55;286,32;270,09;465,95;350,18;377,93;282,45;373,34;370,41;454,05;258,72;307,22;378,29;330,57;333,97;542,3;525,44;536,56;332,92;406,89;515,61;386,68;322,73;236,34;342,82;285,93;488,25;438,76;0;0;0;446,44;307,36;328,79;469,27;206,21;0;363,22;299,71;0;258,23;210,21;282,24;264,24;0;177,07;186,08;0;448,22;264,69;182,14;0;438,48;431,1;181,02;716,14;455,15;402,09;335,15;259,73;302,53;390,77;238,49;408,55;456,19;313,93;367,66;344,18;496,62;506,94;328,7;213,35;325,29;408;370,92;199,44;0;265,05;0;490,97;268,68
